{
  "id": "dfreds-convenient-effects",
  "title": "DFreds Convenient Effects",
  "description": "Adds easy to use toggleable active effects for common use cases",
  "author": "DFreds",
  "authors": [
    {
      "name": "DFreds",
      "url": "https://github.com/DFreds",
      "discord": "DFreds#1238"
    }
  ],
  "url": "https://github.com/DFreds/dfreds-convenient-effects",
  "license": "https://github.com/DFreds/dfreds-convenient-effects/blob/main/LICENSE",
  "readme": "https://github.com/DFreds/dfreds-convenient-effects/blob/main/README.md",
  "bugs": "https://github.com/DFreds/dfreds-convenient-effects/issues",
  "changelog": "https://github.com/DFreds/dfreds-convenient-effects/releases",
  "flags": {},
  "version": "2.1.2",
  "compatibility": {
    "minimum": 10,
    "verified": "10.290",
    "maximum": 10
  },
  "scripts": [],
  "esmodules": ["./scripts/main.js"],
  "styles": ["./styles/dfreds-convenient-effects.css"],
  "languages": [],
  "system": ["dnd5e", "dnd4e", "sw5e"],
  "relationships": {
    "systems": [
      {
		"id": "dnd4e",
        "type": "system"
      }
    ],
    "requires": [
      {
        "id": "socketlib",
        "type": "module"
      }
    ]
  },
  "packs": [
    {
      "name": "dfreds-convenient-effects-macros",
      "label": "DFreds Convenient Effects Macros",
      "path": "packs/macros.db",
      "module": "dfreds-convenient-effects",
      "type": "Macro",
      "private": false
    }
  ],
  "socket": true,
  "manifest": "https://github.com/DFreds/dfreds-convenient-effects/releases/latest/download/module.json",
  "download": "https://github.com/DFreds/dfreds-convenient-effects/releases/download/v1.2.1/dfreds-convenient-effects.zip",
  "protected": false,
  "coreTranslation": false
}
